step,epoch,lr-Adam,train_loss_step,val_loss,train_loss_epoch,test_loss
0,,0.001,,,,
49,,0.001,,,,
49,0,,0.12973666191101074,,,
63,0,,,0.12847711145877838,,
63,0,,,,0.1528335064649582,
64,,0.001,,,,
99,,0.001,,,,
99,1,,0.12924672663211823,,,
127,1,,,0.12751828134059906,,
127,1,,,,0.12700670957565308,
128,2,,,,,14.407888412475586
