lr-Adam,train_loss_step,epoch,step,val_loss,train_loss_epoch,test_loss
0.001,,,0,,,
0.001,,,49,,,
,0.13552598655223846,0,49,,,
,,0,63,0.13034340739250183,,
,,0,63,,0.16031095385551453,
0.001,,,64,,,
0.001,,,99,,,
,0.12737074494361877,1,99,,,
,,1,127,0.1262688785791397,,
,,1,127,,0.12671984732151031,
,,2,128,,,14.27175235748291
