lr-Adam,train_loss_step,step,epoch,val_loss,train_loss_epoch,test_loss
0.001,,0,,,,
0.001,,49,,,,
,0.08581389486789703,49,0,,,
,,63,0,0.08426326513290405,,
,,63,0,,0.12288553267717361,
0.001,,64,,,,
0.001,,99,,,,
,0.0793541818857193,99,1,,,
,,127,1,0.06860223412513733,,
,,127,1,,0.07585490494966507,
,,128,2,,,7.625328540802002
