epoch,step,train_loss_step,lr-Adam,val_loss,train_loss_epoch,test_loss
,0,,0.001,,,
,49,,0.001,,,
0,49,0.14157870411872864,,,,
0,63,,,0.13510148227214813,,
0,63,,,,0.17808976769447327,
,64,,0.001,,,
,99,,0.001,,,
1,99,0.1300809681415558,,,,
1,127,,,0.1256738007068634,,
1,127,,,,0.1301061511039734,
2,128,,,,,14.29515552520752
