lr-Adam,epoch,step,val_loss,train_loss,ecs,cutoff_freq
0.005,,0,,,,
,0,63,0.041467368602752686,,,
,0,63,,0.21692503988742828,,
0.0048776412907378846,,64,,,,
,1,127,0.041352175176143646,,,
,1,127,,0.2041909545660019,,
,2,128,,,82.61927032470703,3031.01708984375
