lr-Adam,epoch,step,train_loss_step,val_loss,train_loss_epoch,test_loss
0.001,,0,,,,
0.001,,49,,,,
,0,49,0.14134854078292847,,,
,0,63,,0.13677477836608887,,
,0,63,,,0.18522702157497406,
0.001,,64,,,,
0.001,,99,,,,
,1,99,0.12712043523788452,,,
,1,127,,0.11770093441009521,,
,1,127,,,0.12705720961093903,
,2,128,,,,13.296000480651855
